id,nombre,apellido,email,password,fecha_registro
501,Rolando,Urrutia,qleon@example.org,UY1uN(Kz)V,2025-06-25 15:50:28
502,Marisol,Canet,palominomiguela@example.com,k5DDHrV(@t,2025-06-25 15:50:28
503,Cornelio,Barrena,onofre24@example.net,nQjF4tSJ#9,2025-06-25 15:50:28
504,Gloria,Cueto,mariajauregui@example.com,E))8axKrNg,2025-06-25 15:50:28
505,Constanza,Lledó,luciano24@example.net,)XDZa3Ay*4,2025-06-25 15:50:28
506,Lope,Ferrero,herminiomartin@example.org,^%J7D11svD,2025-06-25 15:50:28
507,Filomena,Navarro,martirio72@example.org,M!er6dtdqP,2025-06-25 15:50:28
508,Juanita,Rios,klillo@example.org,bO9EB1a%)9,2025-06-25 15:50:28
509,Nilda,Alberola,juanito12@example.org,(@@3SusC+7,2025-06-25 15:50:28
510,Javiera,Pazos,josefinatena@example.net,&1QTm9Hf9_,2025-06-25 15:50:28
511,Juan Pablo,Moliner,ciriaco74@example.com,*1g2KHarVh,2025-06-25 15:50:28
512,Eva,Carranza,eugeniocid@example.net,8xhc$7YcyZ,2025-06-25 15:50:28
513,Jacinta,Portillo,melania96@example.org,+61C0sEhW4,2025-06-25 15:50:28
514,Jose,Vilaplana,nicanor69@example.net,2r15^IWh^@,2025-06-25 15:50:28
515,Morena,Amo,hurtadoatilio@example.net,2f2#Xqm0j$,2025-06-25 15:50:28
516,Selena,Montaña,dbeltran@example.org,T0R9Ttdd(P,2025-06-25 15:50:28
517,Dalila,Olmedo,welias@example.com,Qr9!6Cgz*t,2025-06-25 15:50:28
518,Guadalupe,Martorell,xbarreda@example.net,Inqi2MeG#S,2025-06-25 15:50:28
519,Jose Angel,Vallejo,jose-antoniobeltran@example.com,^8TSUiRj9z,2025-06-25 15:50:28
520,Joaquín,Cabezas,ymonreal@example.com,n1u60K)t$%,2025-06-25 15:50:28
521,Esteban,Sarabia,cesar23@example.com,@4FIfHqNST,2025-06-25 15:50:28
522,Constanza,Prieto,jacinto82@example.net,vUd7IS%m*9,2025-06-25 15:50:28
523,Evaristo,Acevedo,francisco-javier38@example.net,5%ddB1SvNF,2025-06-25 15:50:28
524,Armando,Baró,jvalverde@example.org,qu^c5mMfkh,2025-06-25 15:50:28
525,Prudencia,Frutos,febeandrade@example.org,wq2Tk_O2&#,2025-06-25 15:50:28
526,Sebastian,Espada,rdiaz@example.org,hE9Jycjx#9,2025-06-25 15:50:28
527,Josué,Orozco,hurtadoainara@example.com,^c99Zmt#2K,2025-06-25 15:50:28
528,Margarita,Bayo,mohamed27@example.org,@&3UBbeucv,2025-06-25 15:50:28
529,Sarita,Gallego,xgoni@example.net,i1MVvaXG%g,2025-06-25 15:50:28
530,Benito,Amorós,montalbanfelipa@example.net,w)B5NX!iNy,2025-06-25 15:50:28
531,Begoña,Rivas,cifuentesnuria@example.net,M3T&yuv)+W,2025-06-25 15:50:28
532,Reinaldo,Bermudez,cayetanoespanol@example.org,1A3pCaT5+b,2025-06-25 15:50:28
533,Custodia,Revilla,matildecastillo@example.com,!8LoLFFgm5,2025-06-25 15:50:28
534,Néstor,Mesa,pilar54@example.com,G*s0GpOfyl,2025-06-25 15:50:28
535,María Teresa,Leiva,bernarditablazquez@example.com,*DJ7mjYee7,2025-06-25 15:50:28
536,Maribel,Larrea,cruzborras@example.net,gh&0Rro25t,2025-06-25 15:50:28
537,Jimena,Álvaro,renata68@example.org,R3_zDvqy%u,2025-06-25 15:50:28
538,Casandra,Agudo,romulo46@example.org,J@9D#R5z1N,2025-06-25 15:50:28
539,José Manuel,Escamilla,arobledo@example.org,&N&mVckq7k,2025-06-25 15:50:28
540,Luciano,Escudero,celestina34@example.com,#K9W_raJot,2025-06-25 15:50:28
541,Rosalva,Bayón,qpalacio@example.net,GQDTt3Se$t,2025-06-25 15:50:28
542,María Dolores,Mascaró,anibalmoran@example.com,R9!MU7Gx*N,2025-06-25 15:50:28
543,Paloma,Huerta,graciana05@example.org,s4PNsyc5!H,2025-06-25 15:50:28
544,Casemiro,Puig,corralhaydee@example.com,++8E#)mVS8,2025-06-25 15:50:28
545,Adelardo,Ayllón,esteban41@example.net,Lg%5TEc#xR,2025-06-25 15:50:28
546,Benjamín,Cáceres,apolonia30@example.net,$93VqWxd)w,2025-06-25 15:50:28
547,Jose Carlos,Jove,blascoprudencia@example.org,(8+V!DNly5,2025-06-25 15:50:28
548,Beatriz,Herrera,valentin12@example.com,#LFUqt5h+7,2025-06-25 15:50:28
549,Evita,Céspedes,espanolpriscila@example.com,^0mmstkGCl,2025-06-25 15:50:28
550,Moreno,Báez,sergiomontoya@example.org,H#HiauN_%6,2025-06-25 15:50:28
551,Nazaret,Hervás,fmontes@example.org,)5JGQkv&AX,2025-06-25 15:50:28
552,Ariel,Mora,ppablo@example.com,ai(5AFdY$%,2025-06-25 15:50:28
553,Leire,Múgica,vclemente@example.net,*yb2Xjx4G1,2025-06-25 15:50:28
554,Eli,Segura,cabreraeugenio@example.net,)OUBfCS&4V,2025-06-25 15:50:28
555,Remedios,Fuertes,fabregatrosalina@example.net,Z!T0i*oT^0,2025-06-25 15:50:28
556,Anastasio,Beltrán,jbelda@example.org,DDNTb%@x^2,2025-06-25 15:50:28
557,Clementina,Cortes,nazarioreina@example.com,6Gb6O5Sk+D,2025-06-25 15:50:28
558,Arcelia,Blanco,cperera@example.org,@zMtIzs$0D,2025-06-25 15:50:28
559,Roberta,Peiró,consuelaarevalo@example.net,^dN6iP+p9#,2025-06-25 15:50:28
560,Rogelio,Huertas,macarenaespinosa@example.org,_7z%E0x9^G,2025-06-25 15:50:28
561,Vera,Córdoba,usoto@example.com,33SHQn^7^W,2025-06-25 15:50:28
562,Ariel,Llorens,arocamora@example.org,oe0Zey70&j,2025-06-25 15:50:28
563,Eulalia,Noriega,maximianovilaplana@example.net,q09B3WfAr$,2025-06-25 15:50:28
564,Elvira,Camino,estevezamelia@example.com,AgHf5YIE9$,2025-06-25 15:50:28
565,Benito,Manzano,kbas@example.org,#Y7NN6lVEZ,2025-06-25 15:50:28
566,Marianela,Montenegro,glosa@example.com,0_4N_VokTw,2025-06-25 15:50:28
567,Álvaro,Salcedo,camilovalles@example.net,(&Ry6Bgd_0,2025-06-25 15:50:28
568,Calixto,Olmedo,mariaoliva@example.com,0Y9HBr4a$z,2025-06-25 15:50:28
569,Brunilda,Donoso,bravoconsuela@example.org,!Z1Y%g687J,2025-06-25 15:50:28
570,Desiderio,Marco,vrevilla@example.net,I8Vbvknx^i,2025-06-25 15:50:28
571,Noé,Arroyo,cesarrevilla@example.com,T0vQqdMI(O,2025-06-25 15:50:28
572,Sergio,Iriarte,eanglada@example.net,_GKMPCf2s1,2025-06-25 15:50:28
573,Piedad,Agustí,pcarballo@example.org,+i6cK5wcz1,2025-06-25 15:50:28
574,Mónica,Miralles,candido32@example.org,8a0Uy@hn&),2025-06-25 15:50:28
575,Fausto,Santamaria,bibiana04@example.com,!@(5Nzblrj,2025-06-25 15:50:28
576,Marisol,Velázquez,pedro12@example.org,PNZnhjD0!4,2025-06-25 15:50:28
577,Elodia,Terrón,luis-angel06@example.com,^Lb81YvdxI,2025-06-25 15:50:28
578,Dan,Bayón,lidiapomares@example.org,#3p95wSarh,2025-06-25 15:50:28
579,Albert,Pomares,nesparza@example.com,(P5fLojVWQ,2025-06-25 15:50:28
580,Timoteo,Posada,salamanuel@example.org,+3@LWctiDH,2025-06-25 15:50:28
581,Julieta,Cifuentes,duribe@example.com,)p6bBGeIq1,2025-06-25 15:50:28
582,Heraclio,Hurtado,polbernardino@example.net,41cX^Gyg(a,2025-06-25 15:50:28
583,Febe,Cepeda,carinaanton@example.net,&2H!s6Omht,2025-06-25 15:50:28
584,Roberto,Pinedo,sburgos@example.com,P!3Dwj+jFc,2025-06-25 15:50:28
585,Agustín,Aparicio,canetevictoriano@example.com,%eGARTSfP3,2025-06-25 15:50:28
586,Dulce,Prats,abigail28@example.com,@%7DolY7GH,2025-06-25 15:50:28
587,Plácido,Mínguez,ernesto21@example.org,mma4IC*fA_,2025-06-25 15:50:28
588,Bárbara,Bernat,clarasegura@example.org,v7IQqsb$)V,2025-06-25 15:50:28
589,Ofelia,Amores,emilianoriquelme@example.com,wd)%7MjjTx,2025-06-25 15:50:28
590,Alexandra,Reig,ugartepastora@example.net,4!G0TVk!(8,2025-06-25 15:50:28
591,Pilar,Mateos,blas71@example.com,+7!3V)iPh0,2025-06-25 15:50:28
592,Hector,Sainz,gisela87@example.org,2%lq8UhwwN,2025-06-25 15:50:28
593,Cayetana,Solano,leandra68@example.com,TvMExK3S@9,2025-06-25 15:50:28
594,Apolonia,Marcos,ponceseve@example.org,_8$YEu$yAF,2025-06-25 15:50:28
595,Estrella,Díaz,carrerasjose-angel@example.org,Tw$2BL+gF&,2025-06-25 15:50:28
596,Julia,Bayona,yllamas@example.org,%zhAuBFzf9,2025-06-25 15:50:28
597,Dorotea,Orozco,chema48@example.com,cir0D#Po(9,2025-06-25 15:50:28
598,Anastasio,Valera,loreto38@example.org,s_3Eb6@w)#,2025-06-25 15:50:28
599,Mauricio,Flor,mamensoria@example.net,_@D3HWANp9,2025-06-25 15:50:28
600,Samu,Huerta,ylarranaga@example.net,^0AwXjysJ#,2025-06-25 15:50:28
601,Bárbara,Riera,hernandezmontserrat@example.org,1XOBnqEM^7,2025-06-25 15:50:28
602,Donato,Sancho,imateo@example.net,_dzB)lqS0d,2025-06-25 15:50:28
603,Martin,Capdevila,rosaura22@example.com,!2TrLv8sFs,2025-06-25 15:50:28
604,Concha,Sureda,julioarroyo@example.org,q0TT#_Mv(#,2025-06-25 15:50:28
605,Victoriano,Andreu,vilaplanacruz@example.com,k7PbX@is@0,2025-06-25 15:50:28
606,Áurea,Codina,smurcia@example.com,_5QNNqKpI1,2025-06-25 15:50:28
607,Juan Francisco,Fuente,maxi77@example.net,nc1ONMa@M%,2025-06-25 15:50:28
608,Abraham,Sales,alvaradosalud@example.com,zi6GuH8H&7,2025-06-25 15:50:28
609,Perla,Sandoval,arinopastora@example.com,(0CqXjjw%b,2025-06-25 15:50:28
610,Jordana,Guzman,emilio25@example.net,AiL94WJNH^,2025-06-25 15:50:28
611,Nidia,Carnero,claudio73@example.com,NM1cfEdy&G,2025-06-25 15:50:28
612,Bernabé,Caro,melisasancho@example.org,)1&xa1s&Yi,2025-06-25 15:50:28
613,Baudelio,Sáez,marcial35@example.org,m3Z4NGV$#u,2025-06-25 15:50:28
614,Raúl,Frías,sosaencarnacion@example.net,RAURx2Xqu!,2025-06-25 15:50:28
615,Aurora,Peláez,amadomiguel@example.com,_%0QSm)Llj,2025-06-25 15:50:28
616,Milagros,Espada,mherrero@example.com,$05LQdiLhj,2025-06-25 15:50:28
617,Américo,Tudela,xiomara29@example.net,)5vJwPfnq+,2025-06-25 15:50:28
618,Remigio,Cañete,rinconmaria-jose@example.net,hVRt^5Qrpq,2025-06-25 15:50:28
619,Nacio,Benavides,camilomoles@example.org,@7_hLlkKk%,2025-06-25 15:50:28
620,Quique,Soler,aroldan@example.net,$$s4vT&b*D,2025-06-25 15:50:28
621,Lola,Bernal,yago17@example.org,6D4XHI3iR_,2025-06-25 15:50:28
622,Alejandro,Alberto,danielcarro@example.com,k4Qa*um!_5,2025-06-25 15:50:28
623,Cruz,Ugarte,maxialberola@example.com,K*Y@0Ajq9M,2025-06-25 15:50:28
624,Mireia,Planas,alejoplaza@example.net,F4!4RhmQ*m,2025-06-25 15:50:28
625,Sebastian,Castells,pvigil@example.com,q*61LXao!_,2025-06-25 15:50:28
626,Coral,Miralles,bcanals@example.com,*d6Wwm4Ej),2025-06-25 15:50:28
627,Telmo,Valero,calistosabater@example.org,Wy#Plqaq+6,2025-06-25 15:50:28
628,María Luisa,Amigó,miguel-angel77@example.net,ay0_aIvJ)V,2025-06-25 15:50:28
629,Valerio,Tejera,priegoernesto@example.net,BFD!d4BvAL,2025-06-25 15:50:28
630,Marcelino,Aranda,maximiliano43@example.com,6y)OD6Wc6P,2025-06-25 15:50:28
631,Florencia,Sancho,mantunez@example.com,_5pAe)JzeV,2025-06-25 15:50:28
632,Seve,Tejedor,fbustamante@example.com,(4uGCh!e78,2025-06-25 15:50:28
633,Narciso,Requena,jovitacuesta@example.org,m9HzA#+N@r,2025-06-25 15:50:28
634,Trini,Quesada,anabelmur@example.org,xay^4*GihQ,2025-06-25 15:50:28
635,Marcio,Arellano,dcozar@example.net,+z5wF%MdU2,2025-06-25 15:50:28
636,Melchor,Guerrero,luisinabustos@example.org,IzQh9sH%(*,2025-06-25 15:50:28
637,Soledad,Molins,patricia90@example.net,P!b0IO4$Jg,2025-06-25 15:50:28
638,Jaime,Mariscal,herbertoaller@example.org,tRMP8@Il_3,2025-06-25 15:50:28
639,Samu,Uribe,narcisa25@example.net,(w@wIlUJ8!,2025-06-25 15:50:28
640,Olivia,Márquez,fatima07@example.com,KVek5V#d&2,2025-06-25 15:50:28
641,Lidia,Pagès,gsales@example.net,)EnS7VgI3*,2025-06-25 15:50:28
642,Osvaldo,Roca,uburgos@example.org,N!9Ki4BXpD,2025-06-25 15:50:28
643,Emiliano,Barreda,artemioalcantara@example.org,5l5+V5Yr!m,2025-06-25 15:50:28
644,Herminio,Bayona,pinedaangelica@example.org,)8Z0zVcNoX,2025-06-25 15:50:28
645,Marcela,Gárate,hernandosamper@example.com,G6qBYGdi^b,2025-06-25 15:50:28
646,Martina,Riquelme,carmeloricart@example.net,aS*3FFgs*(,2025-06-25 15:50:28
647,Vanesa,Tejada,florvarela@example.net,1rA5N%zV&y,2025-06-25 15:50:28
648,Encarnación,Domingo,yessica58@example.org,(p_*%RSDX5,2025-06-25 15:50:28
649,Kike,Dominguez,adominguez@example.net,XbgSl3Tun%,2025-06-25 15:50:28
650,Casandra,Beltran,marcorecio@example.net,Fd0DrXnE#k,2025-06-25 15:50:28
651,Consuela,Castrillo,gracia30@example.com,#xAu@a+C@6,2025-06-25 15:50:28
652,Angelita,Hernandez,serramariano@example.org,P^g4TESC$i,2025-06-25 15:50:28
653,Borja,Diéguez,fllamas@example.net,+xGhYgoc13,2025-06-25 15:50:28
654,Nico,Torrijos,ceciliocarbonell@example.com,W5VzDn)o%0,2025-06-25 15:50:28
655,José Manuel,Mendez,geraldo19@example.com,^R29Wi*BEu,2025-06-25 15:50:28
656,Lino,Montenegro,vazquezroberto@example.net,bJX@eq+J#0,2025-06-25 15:50:28
657,Natividad,Mendoza,xcuevas@example.org,z#M5p$v0#9,2025-06-25 15:50:28
658,Paca,Noguera,franciscabas@example.com,E8$6MFcesL,2025-06-25 15:50:28
659,Esmeralda,Luz,gironaamalia@example.net,AS4Bs16mW$,2025-06-25 15:50:28
660,Isa,Olivé,jduenas@example.net,78C8RAo*$#,2025-06-25 15:50:28
661,Eva,Arco,garateartemio@example.org,B(&5OSmC!N,2025-06-25 15:50:28
662,Estefanía,Lucena,zcanizares@example.org,&TZ9WDevP+,2025-06-25 15:50:28
663,Nélida,Cortes,azahar43@example.org,DCj6XQ*je^,2025-06-25 15:50:28
664,Felix,Perera,renemir@example.com,*d+%152V6N,2025-06-25 15:50:28
665,Marco,Pulido,rbaquero@example.net,l^Rf5w%d)1,2025-06-25 15:50:28
666,Teodoro,Miralles,valentinlorenzo@example.org,USJD7&f+*6,2025-06-25 15:50:28
667,Ildefonso,Ordóñez,rjaen@example.net,@gTN@oDZ8R,2025-06-25 15:50:28
668,Abilio,Olivé,parejaromulo@example.net,L73IZkagz%,2025-06-25 15:50:28
669,Tere,Manzanares,mendezcloe@example.org,T%5Lx8vqhp,2025-06-25 15:50:28
670,Lupe,Ángel,rocatito@example.com,C(+69vHsv3,2025-06-25 15:50:28
671,Brígida,Losa,cortinasarita@example.com,s#O0CVMzL+,2025-06-25 15:50:28
672,Paca,Vilar,mercaderariel@example.com,)JQFYA)n$1,2025-06-25 15:50:28
673,Raquel,Campoy,camposocorro@example.net,V)T9&iFaEn,2025-06-25 15:50:28
674,Regina,Aragón,gbusquets@example.net,bD_E4PlqcI,2025-06-25 15:50:28
675,Bernardita,Pombo,hermenegildo76@example.org,&5S)@BpQEJ,2025-06-25 15:50:28
676,Calixto,Vall,aurelio77@example.org,AMR4B3WrV),2025-06-25 15:50:28
677,Celestina,Azorin,torresantonia@example.net,a^ZC#zF*(1,2025-06-25 15:50:28
678,María Del Carmen,Varela,qvinas@example.org,%wJNY9LO8v,2025-06-25 15:50:28
679,Manuela,Pombo,antoniosantamaria@example.net,3hThLZs($9,2025-06-25 15:50:28
680,Áurea,Lasa,qgallego@example.com,qrF3oZCrv!,2025-06-25 15:50:28
681,Vicente,Godoy,barrancojacinta@example.net,@IFQcE8jQ7,2025-06-25 15:50:28
682,Rufina,Fiol,xalbero@example.com,*RJdZTra$9,2025-06-25 15:50:28
683,Lorenzo,Alemán,gertrudisjuan@example.org,S%1VNB2roD,2025-06-25 15:50:28
684,Jonatan,Méndez,melaniaquiroga@example.com,@7A^QIKjaK,2025-06-25 15:50:28
685,Ariel,Hernández,heliodoroquerol@example.net,@5bI%jF1O8,2025-06-25 15:50:28
686,Lisandro,Cerro,alemanynorberto@example.org,^oR*zDw$09,2025-06-25 15:50:28
687,Azeneth,Batlle,aortuno@example.org,)d9gYpWKy&,2025-06-25 15:50:28
688,Carlos,Ramón,bertoduenas@example.com,D9IDHYOf*_,2025-06-25 15:50:28
689,Azucena,Morera,paloma88@example.com,9lczPgc0%r,2025-06-25 15:50:28
690,Liliana,Almeida,nunezalfredo@example.org,w09jGzu$u+,2025-06-25 15:50:28
691,Teodora,Goicoechea,scuevas@example.org,&R23Lgb0JQ,2025-06-25 15:50:28
692,Selena,Barco,calvetenrique@example.org,*6pI7CO7Zg,2025-06-25 15:50:28
693,Chus,Cepeda,etelvina33@example.com,%@ELqXjp$0,2025-06-25 15:50:28
694,Anastasio,Royo,osoriodaniela@example.net,gwVDpUiL!5,2025-06-25 15:50:28
695,Cruz,Zamora,liriarte@example.org,t^n3_pPbl8,2025-06-25 15:50:28
696,Abigaíl,Prada,pinillamarisela@example.com,yg4*_oVz%s,2025-06-25 15:50:28
697,Quirino,Gimeno,teovazquez@example.com,ZP_0L*GjSo,2025-06-25 15:50:28
698,Reynaldo,Tamayo,palberto@example.com,!s7OP9zc$3,2025-06-25 15:50:28
699,Rómulo,Jordán,mbenito@example.net,)a0M58Xg3w,2025-06-25 15:50:28
700,Nazario,Rozas,greyes@example.org,$jRFxnFzG5,2025-06-25 15:50:28
701,Heraclio,Larrea,kcamino@example.org,9Hm3Qy16*_,2025-06-25 15:50:28
702,Leandra,Sacristán,octavio14@example.com,FH9XQdidd!,2025-06-25 15:50:28
703,Vilma,Peinado,dianavillalobos@example.com,8h4o6St1r*,2025-06-25 15:50:28
704,Hernando,Bou,gutierrezmirta@example.org,(WXqTVpt0T,2025-06-25 15:50:28
705,Chus,Niño,maria-josecatala@example.net,jrCl$mYB$7,2025-06-25 15:50:28
706,Santiago,Marin,sgimenez@example.org,@T31wzYcC_,2025-06-25 15:50:28
707,Rosenda,Blázquez,luiscamacho@example.org,(hZ&0AStB4,2025-06-25 15:50:28
708,Chelo,Méndez,olegario51@example.org,lQ3l12Ji5@,2025-06-25 15:50:28
709,Amor,Peña,dan20@example.com,+qs#8O2zjn,2025-06-25 15:50:28
710,Alexandra,Ibáñez,mbecerra@example.org,+0!#7jYufZ,2025-06-25 15:50:28
711,Diana,Calleja,ptomas@example.net,#HE&gN0ff8,2025-06-25 15:50:28
712,César,Paz,oscararias@example.net,P*@5RyIeKT,2025-06-25 15:50:28
713,Hilda,Conde,ballesterosamilcar@example.org,@Un@85CoE(,2025-06-25 15:50:28
714,Amaya,Ramirez,almansaemigdio@example.org,dIYjwqcj#9,2025-06-25 15:50:28
715,Rosalina,Espada,nestoralberdi@example.com,+8v7GOVbe4,2025-06-25 15:50:28
716,Hermenegildo,Palomar,morenojulio-cesar@example.org,mf1hBWV&X),2025-06-25 15:50:28
717,Hernando,Castellanos,florencio07@example.net,@wEh4Co2J0,2025-06-25 15:50:28
718,Jacinto,Tomas,reyesadriana@example.org,n$3D@x#rkg,2025-06-25 15:50:28
719,Lupe,Benet,orianaamo@example.net,+snDcqnl_9,2025-06-25 15:50:29
720,Dafne,Cabrera,lgarrido@example.org,*C0P$XuLs6,2025-06-25 15:50:29
721,Brunilda,Agudo,cloeplaza@example.com,DiHWLmTt_6,2025-06-25 15:50:29
722,Juan Pablo,Alsina,paniaguaramona@example.org,Xx7Wyw*0&Q,2025-06-25 15:50:29
723,Irene,Pineda,romuloluz@example.com,)PEeQeArz4,2025-06-25 15:50:29
724,Clemente,Calzada,judithcampos@example.com,qZO+1Hpo(c,2025-06-25 15:50:29
725,Teo,Ballesteros,umolins@example.com,I_VqJBdR#3,2025-06-25 15:50:29
726,Wálter,Madrigal,ruy84@example.net,ujFY0RJp)1,2025-06-25 15:50:29
727,Judith,Jurado,otiliabaena@example.org,@jMSx%I&X3,2025-06-25 15:50:29
728,Aurora,Santiago,mexposito@example.com,!3!RIQ4n@B,2025-06-25 15:50:29
729,Lucila,Ramón,maria-jesusmontes@example.com,5W*3JVqqb+,2025-06-25 15:50:29
730,Mireia,Terrón,ivinas@example.org,9jP@b1Ae*x,2025-06-25 15:50:29
731,María Del Carmen,Colomer,leandrovalera@example.org,b9KUJ+cN(j,2025-06-25 15:50:29
732,Rosario,López,agisbert@example.org,U$5GB66z*b,2025-06-25 15:50:29
733,Jafet,Contreras,xacuna@example.com,(7CIkI&eME,2025-06-25 15:50:29
734,Che,Castro,jvera@example.com,r@+0OAtl#^,2025-06-25 15:50:29
735,Fabián,Fonseca,maria-pilargoni@example.net,!3%BV^d1%L,2025-06-25 15:50:29
736,Jose Ignacio,Martinez,severo50@example.org,)vG4L#zkj5,2025-06-25 15:50:29
737,Visitación,Lucena,concepcion95@example.org,lX6+TXCl*1,2025-06-25 15:50:29
738,Gracia,Cerezo,santamariacandelaria@example.net,1OZn_Kct*f,2025-06-25 15:50:29
739,Xavier,Palma,sofia20@example.org,^1Z2O(EuRV,2025-06-25 15:50:29
740,Begoña,Alvarez,allerjuan-jose@example.org,DJ+5RnsZ0%,2025-06-25 15:50:29
741,Lucho,Serna,veronicabatalla@example.net,_8WM5rr32q,2025-06-25 15:50:29
742,Américo,Estrada,amohector@example.org,e!bS0Ltueb,2025-06-25 15:50:29
743,Edu,Guzman,rufino25@example.org,%ohAhwtjN4,2025-06-25 15:50:29
744,Victor Manuel,Garcés,qvillalonga@example.com,v&^3Wos2a5,2025-06-25 15:50:29
745,Ambrosio,Durán,rmilla@example.org,%BA5$Irt8V,2025-06-25 15:50:29
746,Cándida,Cardona,dverdugo@example.com,*561NDtox8,2025-06-25 15:50:29
747,Teresa,Busquets,victorianocrespo@example.org,A)1w+Lk#Fy,2025-06-25 15:50:29
748,Demetrio,Porras,calcoral@example.com,#xJAE4Dc@+,2025-06-25 15:50:29
749,Paola,Dalmau,geronimo99@example.org,PL4Rgb!x@@,2025-06-25 15:50:29
750,Narciso,Muro,cpera@example.org,l7_PKH#v+%,2025-06-25 15:50:29
751,Roque,Rivero,aranzazu60@example.net,99VBPGhd$y,2025-06-25 15:50:29
752,Benita,Ordóñez,brunildacanals@example.org,_iBDVRyz3s,2025-06-25 15:50:29
753,Agapito,Espinosa,alejandrotorre@example.org,+D$sMI&vu7,2025-06-25 15:50:29
754,Adela,Morillo,bautistaraul@example.com,%ZTcPIrC(6,2025-06-25 15:50:29
755,Anita,Peiró,gcortes@example.com,#6_40Qe5l#,2025-06-25 15:50:29
756,Pastor,Bosch,donatocarballo@example.net,$((Z7GCsNm,2025-06-25 15:50:29
757,Desiderio,Villar,tristancifuentes@example.net,H3LcRZUh&5,2025-06-25 15:50:29
758,Seve,Salazar,floratirado@example.org,&pPX7XYpx6,2025-06-25 15:50:29
759,Dorotea,Benito,susanitagalan@example.com,93saUmjo)7,2025-06-25 15:50:29
760,Leyre,Luís,qmarti@example.org,52Zmkwib*A,2025-06-25 15:50:29
761,Emiliana,Romeu,flaviovizcaino@example.net,%KWlsup$Y6,2025-06-25 15:50:29
762,Raimundo,Gelabert,iyanez@example.org,CQ@4%+Vb!J,2025-06-25 15:50:29
763,Judith,Matas,kagusti@example.org,S2)1EXvj46,2025-06-25 15:50:29
764,Américo,Pardo,epifanio40@example.com,^AzUo#$Gh5,2025-06-25 15:50:29
765,Bernardo,Garrido,roberta15@example.org,_Al23v(%f6,2025-06-25 15:50:29
766,Valentina,Juan,fuertesmireia@example.com,)T8epXgjIG,2025-06-25 15:50:29
767,Pili,Vara,jbermudez@example.com,V$1JP3QhX!,2025-06-25 15:50:29
768,Graciana,Peral,bernardoabril@example.com,8ROnM2&d*A,2025-06-25 15:50:29
769,Jacobo,Mendoza,gloriahidalgo@example.net,8*7L*OTkw*,2025-06-25 15:50:29
770,Mario,Arribas,barbara32@example.net,v00iB6Pp&M,2025-06-25 15:50:29
771,Eva María,Botella,vrey@example.org,)^S2^CzQjg,2025-06-25 15:50:29
772,Griselda,Coello,apolonia23@example.org,fb5Lrq+y!*,2025-06-25 15:50:29
773,Jimena,Villegas,sotoramon@example.org,)gzS^)!yC9,2025-06-25 15:50:29
774,Carla,Falcón,lrosado@example.com,!Q*3BZtl)T,2025-06-25 15:50:29
775,Cristian,Jerez,fleiva@example.org,_4b7XHb$0t,2025-06-25 15:50:29
776,Gaspar,Valentín,maribellobato@example.net,i@733ZVnnW,2025-06-25 15:50:29
777,Reina,Vizcaíno,eliana30@example.com,bePHbqh$&4,2025-06-25 15:50:29
778,Baudelio,Sandoval,millanmar@example.com,8_sYKG1m)2,2025-06-25 15:50:29
779,Teodoro,Martínez,yjuan@example.com,m_Up@1Xj8T,2025-06-25 15:50:29
780,Berto,Iniesta,azucenatejedor@example.net,5%DQNonB+n,2025-06-25 15:50:29
781,Amancio,Barranco,calatayudlaura@example.com,EDbeE4Ku@l,2025-06-25 15:50:29
782,Carmelo,Carpio,zelias@example.com,KBZOcAuZ&5,2025-06-25 15:50:29
783,Cayetana,Nicolás,nespada@example.net,4FPeY6Ugg@,2025-06-25 15:50:29
784,Alonso,Francisco,jose-carlosgaliano@example.net,fQYYwIXf^8,2025-06-25 15:50:29
785,Rubén,Jurado,azucenaterron@example.org,o2cIOqzV&x,2025-06-25 15:50:29
786,Lupe,Borrás,ismael85@example.com,AB81slRl5!,2025-06-25 15:50:29
787,Pilar,Mateu,kcanales@example.net,&S0&9Qw0aU,2025-06-25 15:50:29
788,Bienvenida,Fiol,claudia46@example.com,(T#r92Xa+e,2025-06-25 15:50:29
789,Lucio,Machado,simon48@example.org,!2n1H&wu&8,2025-06-25 15:50:29
790,Ibán,Fábregas,ruth15@example.net,*J*HXPnI0S,2025-06-25 15:50:29
791,Leopoldo,Carrera,esparzagabino@example.org,G#Ew!1Gyq1,2025-06-25 15:50:29
792,Josué,Barrios,jordi24@example.org,#21x3Ti)wZ,2025-06-25 15:50:29
793,Kike,Agullo,roviramanu@example.net,d_e6Q9Eb!N,2025-06-25 15:50:29
794,Magdalena,Lozano,angelino55@example.com,p^0RZC)M+l,2025-06-25 15:50:29
795,Crescencia,Nieto,ypaniagua@example.net,3*6@J1@h6g,2025-06-25 15:50:29
796,Mariano,Guijarro,donato58@example.com,r7JBBSeY%I,2025-06-25 15:50:29
797,Adela,Pombo,jorgevega@example.net,#27L(kOH+u,2025-06-25 15:50:29
798,Édgar,Leal,alarconpaco@example.com,^tf5QEzTbv,2025-06-25 15:50:29
799,Urbano,Garzón,vlara@example.net,&nZ77XGg5z,2025-06-25 15:50:29
800,Olivia,Amor,ruben79@example.com,VXh6tofwL(,2025-06-25 15:50:29
801,Elvira,Ariza,dominga12@example.org,&*3DxvqYj1,2025-06-25 15:50:29
802,Sigfrido,Chamorro,amilcar44@example.org,gvfWsFga%9,2025-06-25 15:50:29
803,Nacho,Verdú,botellamaxima@example.com,&K4j+Ou60!,2025-06-25 15:50:29
804,Paca,Cantero,anna50@example.net,$bK+HVcX_9,2025-06-25 15:50:29
805,Chucho,Fuente,gabriel57@example.org,)nh*VAn52i,2025-06-25 15:50:29
806,Jacinto,Mulet,saurajose@example.org,7UEWp0)p(O,2025-06-25 15:50:29
807,Fortunata,Ruano,lucia44@example.com,jQrQRCQo%9,2025-06-25 15:50:29
808,Renato,Pablo,vaguirre@example.net,znZQdFG7*6,2025-06-25 15:50:29
809,Cloe,Álamo,tdieguez@example.net,n)$V1u8mVT,2025-06-25 15:50:29
810,Irene,Querol,campoyobdulia@example.org,bZ@88&Nx8#,2025-06-25 15:50:29
811,Gaspar,Galván,fanny38@example.com,i8V&mQtr*I,2025-06-25 15:50:29
812,Santiago,Bayón,rosalinda38@example.com,06BGyW5J@p,2025-06-25 15:50:29
813,Ciro,Ferrera,ubenet@example.net,!t47JTp1#Q,2025-06-25 15:50:29
814,Leandro,Alberola,telmoquerol@example.org,pATQ3yHT#3,2025-06-25 15:50:29
815,Eustaquio,Castellanos,zmatas@example.com,M^MYA7AkjB,2025-06-25 15:50:29
816,Petrona,Sebastián,donosociriaco@example.com,_p*1AKFob*,2025-06-25 15:50:29
817,Jose Angel,Cervantes,varregui@example.com,3XhGL$iY#7,2025-06-25 15:50:29
818,Ovidio,Mosquera,vnunez@example.org,+4*P))mNr5,2025-06-25 15:50:29
819,Aitana,Cañete,rosenda48@example.org,!zO+alqI+0,2025-06-25 15:50:29
820,Leandro,Aguirre,oros@example.net,33I^aEde__,2025-06-25 15:50:29
821,Artemio,Riquelme,rcasals@example.net,*dG4Hdd^a8,2025-06-25 15:50:29
822,Pepita,Alemany,eloy10@example.net,_ruPSNL(d6,2025-06-25 15:50:29
823,Ezequiel,Pujol,florentina69@example.org,%#5Ri_vXwg,2025-06-25 15:50:29
824,Néstor,Cerdán,loretooliver@example.net,9AJ0Slvn*O,2025-06-25 15:50:29
825,Jimena,Polo,vcanovas@example.net,+zzB0&GeGh,2025-06-25 15:50:29
826,Andrés,Taboada,piocarretero@example.net,+1HQZx+k%2,2025-06-25 15:50:29
827,Sandra,Alfonso,mirallesjoel@example.com,)(EKdEGD)1,2025-06-25 15:50:29
828,Ruth,Alvarez,bernardabarco@example.net,*0zv2LPocI,2025-06-25 15:50:29
829,Nerea,Cerdá,eloymedina@example.org,$4q4PTkc6M,2025-06-25 15:50:29
830,Maribel,Cantón,natanaeltello@example.org,cD%7JQNvM3,2025-06-25 15:50:29
831,Macario,Valera,wgaray@example.org,$fFx3wP51I,2025-06-25 15:50:29
832,Chelo,Vall,sanchezpascuala@example.org,htMc#Cjy*3,2025-06-25 15:50:29
833,Cosme,Ferrero,isidro54@example.com,(y4Ynu&o#s,2025-06-25 15:50:29
834,Nilo,Querol,jenny37@example.org,RU*l4EzfiO,2025-06-25 15:50:29
835,Hilario,Flor,aiborra@example.org,mnt9^%Ftx),2025-06-25 15:50:29
836,Xavier,Morata,ciro29@example.org,V&j9!cWfTR,2025-06-25 15:50:29
837,Rosalía,Corral,grivas@example.net,EN8n^Oxp%k,2025-06-25 15:50:29
838,Noemí,Valls,blas59@example.org,%cr3KoTss2,2025-06-25 15:50:29
839,Toni,Crespi,llanoosvaldo@example.net,#1GRAC(u7x,2025-06-25 15:50:29
840,Amaro,Córdoba,ucamino@example.org,Oq67H4)Kd(,2025-06-25 15:50:29
841,Iker,Benet,teclamontes@example.com,+1R44cI#v!,2025-06-25 15:50:29
842,Teodosio,Salvador,maximiano41@example.net,y*y13Ly99k,2025-06-25 15:50:29
843,Adelia,Cuervo,iasensio@example.net,aQ(M2Isu)X,2025-06-25 15:50:29
844,Heraclio,Montenegro,saludmontalban@example.org,VX1j1BsTq*,2025-06-25 15:50:29
845,Claudio,Comas,zarias@example.org,r1Zlnr(j(),2025-06-25 15:50:29
846,Ale,Canales,guiomarrius@example.net,7$2GxQ@(Nu,2025-06-25 15:50:29
847,Caridad,Enríquez,xvarela@example.net,O^49M4b%Qq,2025-06-25 15:50:29
848,Sol,Carnero,becerrabelen@example.com,&Fm^7aWx_6,2025-06-25 15:50:29
849,Irma,Barroso,wpera@example.com,n^76lZN3Sn,2025-06-25 15:50:29
850,Rosaura,Campos,isalobo@example.net,P0fS9KYk&G,2025-06-25 15:50:29
851,Adelardo,Cantón,vgutierrez@example.org,RjD&m6Axci,2025-06-25 15:50:29
852,Marisol,Mate,evangelinarodrigo@example.net,D!8G2Ppo%(,2025-06-25 15:50:29
853,Reinaldo,Pereira,muroconstanza@example.org,NnFM(N9g@7,2025-06-25 15:50:29
854,Vinicio,Aramburu,bpina@example.com,5#Uo3Ydm6g,2025-06-25 15:50:29
855,Montserrat,Recio,eloy47@example.com,o$7g8MxDNW,2025-06-25 15:50:29
856,Julián,Escolano,lopezcandida@example.com,^(1tKWTz#g,2025-06-25 15:50:29
857,Sabas,Olivares,silviobarbero@example.com,4)#1^Rkb*N,2025-06-25 15:50:29
858,Consuelo,Molina,berrocalpedro@example.org,q_IO1_LEgo,2025-06-25 15:50:29
859,Graciana,Bermúdez,carlitoquero@example.org,%V7kyOOk6*,2025-06-25 15:50:29
860,René,Parejo,andrestatiana@example.org,V@Yb8yRu!1,2025-06-25 15:50:29
861,Danilo,Alegre,larrearene@example.net,_Qgxw4WpZ#,2025-06-25 15:50:29
862,Marta,Carpio,faznar@example.com,*d!5FHqxaW,2025-06-25 15:50:29
863,Nico,Belmonte,felicidad23@example.net,XGI@0)Xu!1,2025-06-25 15:50:29
864,Joel,Nicolau,bibianaordonez@example.com,b8SlBx7_((,2025-06-25 15:50:29
865,Amando,Torre,bgarcia@example.org,8eGOBZG1_2,2025-06-25 15:50:29
866,Galo,Alcántara,gaston57@example.net,+I#W7ELgs3,2025-06-25 15:50:29
867,Gabino,Soler,rufino85@example.com,#L^7WjzOSb,2025-06-25 15:50:29
868,Eugenio,Pou,abascalmarc@example.com,^I4TVOfu54,2025-06-25 15:50:29
869,Apolinar,Sales,mercedescisneros@example.net,)scBT!sRS2,2025-06-25 15:50:29
870,Azahar,Baró,nicolasalmazan@example.com,^Rn(Zh*ej6,2025-06-25 15:50:29
871,Renato,Beltran,alfredo54@example.org,#8D1LMxI%c,2025-06-25 15:50:29
872,Porfirio,Alberdi,mpina@example.org,a*1XwjIfwj,2025-06-25 15:50:29
873,Vera,Corbacho,deborasales@example.org,k%V2!OCf%F,2025-06-25 15:50:29
874,Javiera,Franco,cantoncalixta@example.org,#e64ICiBaG,2025-06-25 15:50:29
875,María Manuela,Giménez,inmaculadaroyo@example.com,n2KCT!Re%d,2025-06-25 15:50:29
876,Purificación,Bermejo,carovidal@example.com,f!Ang(Vt^3,2025-06-25 15:50:29
877,Ceferino,Fabregat,custodia58@example.org,+Q26EOWkIW,2025-06-25 15:50:29
878,Valentina,Aguiló,camaraarmando@example.com,(B#4oJcvzu,2025-06-25 15:50:29
879,Corona,Sebastián,jose-antonio45@example.com,WYNH7Nkh#9,2025-06-25 15:50:29
880,Porfirio,Guitart,alejocaballero@example.org,z&TfFQXu(9,2025-06-25 15:50:29
881,Azahara,Palomares,climacoporta@example.org,$ga*VmvWK1,2025-06-25 15:50:29
882,Gilberto,Plana,salomeosorio@example.net,&+7DPouu2s,2025-06-25 15:50:29
883,Maribel,Chico,bartolomecabrera@example.com,E#87tVHs3^,2025-06-25 15:50:29
884,Humberto,Lamas,ymora@example.org,PE42Fuw4)m,2025-06-25 15:50:29
885,Basilio,Chaparro,isidoro30@example.net,#z5W2PvfS0,2025-06-25 15:50:29
886,Sara,Vallés,bpalomino@example.net,(j1IGntvop,2025-06-25 15:50:29
887,Maricela,Pozo,pelayomarino@example.net,$U3VB+WxqY,2025-06-25 15:50:29
888,Jose Francisco,Villanueva,villenaviviana@example.org,ZR32tUanQ_,2025-06-25 15:50:29
889,Ema,Patiño,alonsobonifacio@example.com,o(D1SyfOUG,2025-06-25 15:50:29
890,Octavio,Arcos,iguillen@example.org,@eS1xWkcER,2025-06-25 15:50:29
891,Melchor,Avilés,consuela52@example.net,2xUk^Zy%!u,2025-06-25 15:50:29
892,América,Pastor,jafetmolina@example.org,&uX!!ABfG0,2025-06-25 15:50:29
893,Cristian,Calvet,ciniguez@example.org,p%X8CAyGJ9,2025-06-25 15:50:29
894,Amada,Valle,qgil@example.net,+0UhUriwf*,2025-06-25 15:50:29
895,Alejo,Perera,callejagema@example.net,*Z6BYxhvI_,2025-06-25 15:50:29
896,Clemente,Ballesteros,cesar63@example.com,%9JUKIbY9u,2025-06-25 15:50:29
897,Leandro,Casals,heriberto75@example.org,!b2&AAXfU%,2025-06-25 15:50:29
898,Cintia,Nadal,trinidad24@example.org,(0tI6gHsME,2025-06-25 15:50:29
899,Cristian,Haro,lara49@example.org,Cc0N+YhKb_,2025-06-25 15:50:29
900,Inés,Elorza,utirado@example.net,h5cs3PhW#b,2025-06-25 15:50:29
901,Elba,Sebastián,galosoriano@example.org,5JVhHAuo#_,2025-06-25 15:50:29
902,Clotilde,Exposito,florentino83@example.net,ly0gl^Kc^f,2025-06-25 15:50:29
903,Román,Sola,hpombo@example.org,(tIAtHyv0(,2025-06-25 15:50:29
904,Augusto,Roldan,pinillajosefa@example.org,(NgPqB7jT3,2025-06-25 15:50:29
905,Quirino,Rey,gala95@example.com,($S*+9Xd_Q,2025-06-25 15:50:29
906,Jose Luis,Aliaga,ale08@example.org,*u9DCaDhZB,2025-06-25 15:50:29
907,Elodia,Cortés,valero66@example.net,m1YfXdlC)T,2025-06-25 15:50:29
908,Emilio,Barceló,uriapiedad@example.org,hBk9cK2bk$,2025-06-25 15:50:29
909,Onofre,Ojeda,qtejada@example.net,67CMsiSw^(,2025-06-25 15:50:29
910,Maxi,Arellano,nogueiraricarda@example.net,wgW0UJNsc$,2025-06-25 15:50:29
911,Martirio,Medina,candelaria30@example.net,_CldJAvKv8,2025-06-25 15:50:29
912,Violeta,Aguilera,silvaodalis@example.org,MWS%3fTx9%,2025-06-25 15:50:29
913,Constanza,Vargas,eusebiopazos@example.com,NtzYkCkj$9,2025-06-25 15:50:29
914,Trini,Solana,dora10@example.org,7u1eJQtl_c,2025-06-25 15:50:29
915,Gabriela,Aliaga,severianomiralles@example.org,G3Vtl8i0_Q,2025-06-25 15:50:29
916,Ceferino,Melero,albinasamper@example.com,&bY5iGlBT4,2025-06-25 15:50:29
917,Sabina,Castells,amparomari@example.net,p(+A(2xt2N,2025-06-25 15:50:29
918,Rómulo,Correa,jose-franciscomorera@example.com,vm!8TZKpKN,2025-06-25 15:50:29
919,Borja,Barrios,joaquinaalvarez@example.net,#dF4!48d1K,2025-06-25 15:50:29
920,Otilia,Julián,vera41@example.org,6HNJOJ%a#3,2025-06-25 15:50:29
921,Olegario,Palomar,belencasals@example.net,%KUp9PxRhv,2025-06-25 15:50:29
922,Loida,Uribe,gonzalezmartina@example.net,%_o87tGbcf,2025-06-25 15:50:29
923,Odalis,Manso,begonadomingo@example.org,8QGl1rs3&1,2025-06-25 15:50:29
924,Adelaida,Redondo,valeriopaez@example.net,^59N#PKi(7,2025-06-25 15:50:29
925,Esperanza,Urrutia,collulises@example.org,@k)Z+pO04),2025-06-25 15:50:29
926,Serafina,Toro,jonatancervantes@example.org,%YqhRaNA&2,2025-06-25 15:50:29
927,Wilfredo,Armas,ibanezzaida@example.org,&^a7AB3i%&,2025-06-25 15:50:29
928,Brunilda,Caparrós,catalinamate@example.com,Ez4H7dSc_K,2025-06-25 15:50:29
929,Perla,Mas,vallesfulgencio@example.net,_4m3M0Zp8n,2025-06-25 15:50:29
930,Beatriz,Bauzà,brigidapintor@example.net,@(5TRxktmV,2025-06-25 15:50:29
931,Tecla,Aliaga,domenechamador@example.org,qH3rAm_b_^,2025-06-25 15:50:29
932,Danilo,Costa,smenendez@example.com,2+maj4DlvV,2025-06-25 15:50:29
933,Lourdes,Niño,vtudela@example.net,+u5psSYc35,2025-06-25 15:50:29
934,Dionisia,Sola,ambrosio20@example.com,xU^u25Gjbu,2025-06-25 15:50:29
935,María Luisa,Barranco,salmazan@example.org,1*!9RajU_N,2025-06-25 15:50:29
936,Maricruz,Fábregas,clementinahuerta@example.org,*oL5BFnk#X,2025-06-25 15:50:29
937,Anacleto,Doménech,gcamino@example.org,$5FHCHmTK1,2025-06-25 15:50:29
938,Chema,Pulido,pinolkike@example.com,#!V01XaYdw,2025-06-25 15:50:29
939,Rosario,Páez,leonor51@example.net,)9bCQ29eqt,2025-06-25 15:50:29
940,Ceferino,Frutos,narcisa09@example.com,*H$2Jr7tQR,2025-06-25 15:50:29
941,Celestino,Valbuena,sigfridoroldan@example.net,@bSRhORP71,2025-06-25 15:50:29
942,Lucila,Daza,pouotilia@example.com,Qz9DUYltH#,2025-06-25 15:50:29
943,Juan Manuel,Blázquez,hernandezsimon@example.net,vY9cBOxh8@,2025-06-25 15:50:29
944,Tecla,Navas,rosenda25@example.net,)u#Qv5NaCd,2025-06-25 15:50:29
945,Anabel,Sevillano,tamaritmagdalena@example.net,O%x$8%ZofQ,2025-06-25 15:50:29
946,Benigna,Muro,tsedano@example.net,_6RGw)b2g_,2025-06-25 15:50:29
947,Griselda,Moll,gquintanilla@example.net,d$0qPPFn^c,2025-06-25 15:50:29
948,Saturnina,Esparza,uriba@example.net,F$A&62Vn+9,2025-06-25 15:50:29
949,Xiomara,Huerta,maria-angelesmuro@example.net,)uF#6G(q03,2025-06-25 15:50:29
950,Valentina,Alcalde,sanchoprudencio@example.com,%sV9mVVz+9,2025-06-25 15:50:29
951,Charo,Cobos,qfortuny@example.net,_O)9OLyhn8,2025-06-25 15:50:29
952,Hector,Tomás,sabina24@example.com,xr&DZDcb#7,2025-06-25 15:50:29
953,Bernabé,Collado,reyesuriarte@example.org,$3SmhXIUnI,2025-06-25 15:50:29
954,Merche,Cortés,rzaragoza@example.com,7Y%05M7cbp,2025-06-25 15:50:29
955,Juliana,Serna,jose-miguelbertran@example.com,AY2v*Id$r#,2025-06-25 15:50:29
956,Sarita,Benavent,teodosio67@example.net,*0*mNrkP%y,2025-06-25 15:50:29
957,Fanny,Cisneros,anastasio68@example.net,0j2XrwzZ(L,2025-06-25 15:50:29
958,Juana,Álvaro,vivianaleon@example.net,53UH^fkz^@,2025-06-25 15:50:29
959,Haydée,Luján,teofilo03@example.org,37l8nEZm_P,2025-06-25 15:50:29
960,Ramón,Acosta,mariselaantunez@example.com,LWW3#wOfl%,2025-06-25 15:50:29
961,Cirino,Jordá,severomosquera@example.org,fajkgGRM)1,2025-06-25 15:50:29
962,Cristóbal,Porras,trinidadmorata@example.com,Hl7V$Dxy+S,2025-06-25 15:50:29
963,Emiliano,Méndez,qcuenca@example.com,Hepi7FFf(X,2025-06-25 15:50:29
964,Joaquín,Serra,albino33@example.com,&^Y9JdKFv4,2025-06-25 15:50:29
965,Encarnita,Álamo,aureliasolis@example.org,!l8IH2zf%),2025-06-25 15:50:29
966,Isaura,Ferrán,wolivera@example.net,mYFMbn3L)3,2025-06-25 15:50:29
967,Luís,Osuna,figueroacosme@example.com,+Yv85PylpF,2025-06-25 15:50:29
968,Rodrigo,Casado,olivia34@example.net,Wx9VLAeV_*,2025-06-25 15:50:29
969,Felipa,Montero,ialcazar@example.com,&27MYsEx^#,2025-06-25 15:50:29
970,Isa,Perez,emma20@example.org,1+$KSt^B*I,2025-06-25 15:50:29
971,Ani,Fabra,lucasblasco@example.org,mrXXxu^@@9,2025-06-25 15:50:29
972,Nereida,Sanmartín,mar07@example.com,0%2KQQrXM5,2025-06-25 15:50:29
973,Odalis,Vigil,sabatertatiana@example.com,*PjGoYbno0,2025-06-25 15:50:29
974,Loreto,Cerezo,brigidamiro@example.org,t0LBX(Di&w,2025-06-25 15:50:29
975,Eutimio,Ribes,roldanmario@example.net,*_&Spk986&,2025-06-25 15:50:29
976,Sandalio,Somoza,emayo@example.org,p(6rNByZ8f,2025-06-25 15:50:29
977,Aitana,Molina,vinaricardo@example.com,(N9HQKs7JZ,2025-06-25 15:50:29
978,Bautista,Ródenas,camila74@example.net,26GIp#zg_Z,2025-06-25 15:50:29
979,Daniela,Cózar,bonillaeustaquio@example.net,^^IHjc2Qc9,2025-06-25 15:50:29
980,Soraya,Jover,edelmirorocamora@example.com,%6q&@_RoL!,2025-06-25 15:50:29
981,Lidia,Uribe,carlitodelgado@example.com,@3PZkbyc!Z,2025-06-25 15:50:29
982,María,Gómez,umartin@example.org,6D3SYwjF0+,2025-06-25 15:50:29
983,Armando,Carrasco,montserrat94@example.net,Ca@d3Nw(n^,2025-06-25 15:50:29
984,Dorita,Fuertes,mllobet@example.com,@r7aQhhBfO,2025-06-25 15:50:29
985,Bibiana,Uría,estelasola@example.org,(BsRNVSj0a,2025-06-25 15:50:29
986,Candelario,Alarcón,jacintoraya@example.com,xiP!4Eh5SG,2025-06-25 15:50:29
987,Ricardo,Ugarte,anita06@example.com,)jF22Gfpi!,2025-06-25 15:50:29
988,Nicolasa,Marí,amancioribes@example.com,j5_RzQl$@x,2025-06-25 15:50:29
989,Emilia,Priego,ribasangelino@example.net,sjo2YoZU1*,2025-06-25 15:50:29
990,Patricio,Herrero,silvio95@example.net,)Ij1vhCfR#,2025-06-25 15:50:29
991,Federico,Mata,calistacomas@example.org,P0S^)6tL%T,2025-06-25 15:50:29
992,Ulises,Tapia,mirtabarroso@example.com,V2r1R3ag)n,2025-06-25 15:50:29
993,Paca,Villanueva,pcifuentes@example.net,&Ax2O9Ite_,2025-06-25 15:50:29
994,Elena,Zaragoza,ibangonzalez@example.net,d*1h7XBqpv,2025-06-25 15:50:29
995,Raquel,Rivero,chelo25@example.com,#^*8BAhuWD,2025-06-25 15:50:29
996,Benita,Villa,hernandezjessica@example.com,U##3B!lu4a,2025-06-25 15:50:29
997,Mayte,Aliaga,lazaro30@example.org,+63LIpkbPW,2025-06-25 15:50:29
998,Nicolás,Ferrández,abrilgisbert@example.org,_yXyVshS2p,2025-06-25 15:50:29
999,José Luis,Arregui,valentin81@example.net,Qj6A8GwT(B,2025-06-25 15:50:29
1000,Celia,Higueras,esoriano@example.com,#7VR3wr8u0,2025-06-25 15:50:29
1001,Valeria,Rivera,valeria.zerain@gmail.com,pass123,2025-06-26 06:23:22
